feeder_id,feeder_name,district,source_label,coverage_type,city_membership,match_status,canonical_name,barangay_psgc,suggested_canonical_name,geometry_precision
MORE-ILO-DIVERSION-F01,Diversion Feeder 1,City Proper,Arsenal Aduana,PORTION,ILOILO_CITY,EXACT_PSA,Arsenal Aduana,0631000007,,PARTIAL_NO_SUBBARANGAY_GEOMETRY
MORE-ILO-DIVERSION-F01,Diversion Feeder 1,City Proper,Danao,PORTION,ILOILO_CITY,EXACT_PSA,Danao,0631000042,,PARTIAL_NO_SUBBARANGAY_GEOMETRY
MORE-ILO-DIVERSION-F01,Diversion Feeder 1,City Proper,Ed Ganzon,PORTION,ILOILO_CITY,EXPLICIT_ALIAS,Edganzon,0631000054,,PARTIAL_NO_SUBBARANGAY_GEOMETRY
MORE-ILO-DIVERSION-F01,Diversion Feeder 1,City Proper,Inday,PORTION,ILOILO_CITY,EXACT_PSA,Inday,0631000070,,PARTIAL_NO_SUBBARANGAY_GEOMETRY
MORE-ILO-DIVERSION-F01,Diversion Feeder 1,City Proper,Kauswagan,PORTION,ILOILO_CITY,EXACT_PSA,Kauswagan,0631000081,,PARTIAL_NO_SUBBARANGAY_GEOMETRY
MORE-ILO-DIVERSION-F01,Diversion Feeder 1,City Proper,Magsaysay,PORTION,ILOILO_CITY,EXACT_PSA,Magsaysay,0631000102,,PARTIAL_NO_SUBBARANGAY_GEOMETRY
MORE-ILO-DIVERSION-F01,Diversion Feeder 1,City Proper,Nonoy,PORTION,ILOILO_CITY,EXACT_PSA,Nonoy,0631000116,,PARTIAL_NO_SUBBARANGAY_GEOMETRY
MORE-ILO-DIVERSION-F01,Diversion Feeder 1,City Proper,Roxas Village,PORTION,ILOILO_CITY,EXACT_PSA,Roxas Village,0631000140,,PARTIAL_NO_SUBBARANGAY_GEOMETRY
MORE-ILO-DIVERSION-F01,Diversion Feeder 1,City Proper,Sampaguita,PORTION,ILOILO_CITY,EXACT_PSA,Sampaguita,0631000146,,PARTIAL_NO_SUBBARANGAY_GEOMETRY
MORE-ILO-DIVERSION-F01,Diversion Feeder 1,City Proper,San Agustin,PORTION,ILOILO_CITY,EXACT_PSA,San Agustin,0631000148,,PARTIAL_NO_SUBBARANGAY_GEOMETRY
MORE-ILO-DIVERSION-F01,Diversion Feeder 1,City Proper,San Felix,PORTION,ILOILO_CITY,EXACT_PSA,San Felix,0631000150,,PARTIAL_NO_SUBBARANGAY_GEOMETRY
MORE-ILO-DIVERSION-F01,Diversion Feeder 1,City Proper,Villa Anita,PORTION,ILOILO_CITY,EXACT_PSA,Villa Anita,0631000189,,PARTIAL_NO_SUBBARANGAY_GEOMETRY
MORE-ILO-DIVERSION-F01,Diversion Feeder 1,City Proper,Yulo Arroyo,PORTION,ILOILO_CITY,EXPLICIT_ALIAS,Yulo-Arroyo,0631000193,,PARTIAL_NO_SUBBARANGAY_GEOMETRY
MORE-ILO-DIVERSION-F01,Diversion Feeder 1,La Paz,Nabitasan,PORTION,ILOILO_CITY,EXACT_PSA,Nabitasan,0631000114,,PARTIAL_NO_SUBBARANGAY_GEOMETRY
MORE-ILO-DIVERSION-F02,Diversion Feeder 2,Mandurriao,Bakhaw,PORTION,ILOILO_CITY,EXACT_PSA,Bakhaw,0631000009,,PARTIAL_NO_SUBBARANGAY_GEOMETRY
MORE-ILO-DIVERSION-F02,Diversion Feeder 2,Mandurriao,Bolilao,PORTION,ILOILO_CITY,EXACT_PSA,Bolilao,0631000021,,PARTIAL_NO_SUBBARANGAY_GEOMETRY
MORE-ILO-DIVERSION-F02,Diversion Feeder 2,Mandurriao,Buhang Taft North,PORTION,ILOILO_CITY,EXACT_PSA,Buhang Taft North,0631000025,,PARTIAL_NO_SUBBARANGAY_GEOMETRY
MORE-ILO-DIVERSION-F02,Diversion Feeder 2,Mandurriao,Dungon C,PORTION,ILOILO_CITY_EXPECTED,UNRESOLVED,,,,PARTIAL_NO_SUBBARANGAY_GEOMETRY
MORE-ILO-DIVERSION-F02,Diversion Feeder 2,Mandurriao,Hibao-an Sur,PORTION,ILOILO_CITY,EXACT_PSA,Hibao-an Sur,0631000067,,PARTIAL_NO_SUBBARANGAY_GEOMETRY
MORE-ILO-DIVERSION-F02,Diversion Feeder 2,Mandurriao,Hibao-an Norte,PORTION,ILOILO_CITY,EXACT_PSA,Hibao-an Norte,0631000152,,PARTIAL_NO_SUBBARANGAY_GEOMETRY
MORE-ILO-DIVERSION-F02,Diversion Feeder 2,Mandurriao,San Rafael,PORTION,ILOILO_CITY,EXACT_PSA,San Rafael,0631000160,,PARTIAL_NO_SUBBARANGAY_GEOMETRY
MORE-ILO-DIVERSION-F02,Diversion Feeder 2,Mandurriao,Santa Rosa,PORTION,ILOILO_CITY,EXACT_PSA,Santa Rosa,0631000165,,PARTIAL_NO_SUBBARANGAY_GEOMETRY
MORE-ILO-DIVERSION-F02,Diversion Feeder 2,Mandurriao,Pale Benedicto,PORTION,ILOILO_CITY,EXPLICIT_ALIAS,Pale Benedicto Rizal,0631000196,,PARTIAL_NO_SUBBARANGAY_GEOMETRY
MORE-ILO-DIVERSION-F02,Diversion Feeder 2,Mandurriao,PHHC Block 22 NHA,PORTION,ILOILO_CITY,EXACT_PSA,PHHC Block 22 NHA,0631000128,,PARTIAL_NO_SUBBARANGAY_GEOMETRY
MORE-ILO-DIVERSION-F02,Diversion Feeder 2,Mandurriao,PHHC Block 17,WHOLE,ILOILO_CITY,EXACT_PSA,PHHC Block 17,0631000127,,FULL_BARANGAY
MORE-ILO-DIVERSION-F02,Diversion Feeder 2,Jaro,Calubihan,PORTION,ILOILO_CITY,EXACT_PSA,Calubihan,0631000078,,PARTIAL_NO_SUBBARANGAY_GEOMETRY
MORE-ILO-DIVERSION-F02,Diversion Feeder 2,Jaro,Cuartero,PORTION,ILOILO_CITY,EXACT_PSA,Cuartero,0631000040,,PARTIAL_NO_SUBBARANGAY_GEOMETRY
MORE-ILO-DIVERSION-F02,Diversion Feeder 2,Jaro,Dungon A,PORTION,ILOILO_CITY,EXACT_PSA,Dungon A,0631000050,,PARTIAL_NO_SUBBARANGAY_GEOMETRY
MORE-ILO-DIVERSION-F02,Diversion Feeder 2,Jaro,Dungon B,PORTION,ILOILO_CITY,EXACT_PSA,Dungon B,0631000051,,PARTIAL_NO_SUBBARANGAY_GEOMETRY
MORE-ILO-DIVERSION-F02,Diversion Feeder 2,Jaro,Sambag,PORTION,ILOILO_CITY,EXACT_PSA,Sambag,0631000144,,PARTIAL_NO_SUBBARANGAY_GEOMETRY
MORE-ILO-DIVERSION-F03,Diversion Feeder 3,City Proper,Ed Ganzon,PORTION,ILOILO_CITY,EXPLICIT_ALIAS,Edganzon,0631000054,,PARTIAL_NO_SUBBARANGAY_GEOMETRY
MORE-ILO-DIVERSION-F03,Diversion Feeder 3,City Proper,Delgado-Jalandoni Bagumbayan,PORTION,ILOILO_CITY,EXPLICIT_ALIAS,Delgado-Jalandoni-Bagumbayan,0631000075,,PARTIAL_NO_SUBBARANGAY_GEOMETRY
MORE-ILO-DIVERSION-F03,Diversion Feeder 3,City Proper,Jalandoni-Wilson,PORTION,ILOILO_CITY,EXACT_PSA,Jalandoni-Wilson,0631000074,,PARTIAL_NO_SUBBARANGAY_GEOMETRY
MORE-ILO-DIVERSION-F03,Diversion Feeder 3,City Proper,Hipodromo,PORTION,ILOILO_CITY,EXACT_PSA,Hipodromo,0631000069,,PARTIAL_NO_SUBBARANGAY_GEOMETRY
MORE-ILO-DIVERSION-F03,Diversion Feeder 3,City Proper,Inday,PORTION,ILOILO_CITY,EXACT_PSA,Inday,0631000070,,PARTIAL_NO_SUBBARANGAY_GEOMETRY
MORE-ILO-DIVERSION-F03,Diversion Feeder 3,City Proper,Kauswagan,PORTION,ILOILO_CITY,EXACT_PSA,Kauswagan,0631000081,,PARTIAL_NO_SUBBARANGAY_GEOMETRY
MORE-ILO-DIVERSION-F03,Diversion Feeder 3,City Proper,Kahirupan,PORTION,ILOILO_CITY,EXACT_PSA,Kahirupan,0631000197,,PARTIAL_NO_SUBBARANGAY_GEOMETRY
MORE-ILO-DIVERSION-F03,Diversion Feeder 3,City Proper,Liberation,PORTION,ILOILO_CITY,EXACT_PSA,Liberation,0631000090,,PARTIAL_NO_SUBBARANGAY_GEOMETRY
MORE-ILO-DIVERSION-F03,Diversion Feeder 3,City Proper,Magsaysay,PORTION,ILOILO_CITY,EXACT_PSA,Magsaysay,0631000102,,PARTIAL_NO_SUBBARANGAY_GEOMETRY
MORE-ILO-DIVERSION-F03,Diversion Feeder 3,City Proper,Maria Clara,PORTION,ILOILO_CITY,EXACT_PSA,Maria Clara,0631000107,,PARTIAL_NO_SUBBARANGAY_GEOMETRY
MORE-ILO-DIVERSION-F03,Diversion Feeder 3,City Proper,Nonoy,PORTION,ILOILO_CITY,EXACT_PSA,Nonoy,0631000116,,PARTIAL_NO_SUBBARANGAY_GEOMETRY
MORE-ILO-DIVERSION-F03,Diversion Feeder 3,City Proper,Roxas Village,PORTION,ILOILO_CITY,EXACT_PSA,Roxas Village,0631000140,,PARTIAL_NO_SUBBARANGAY_GEOMETRY
MORE-ILO-DIVERSION-F03,Diversion Feeder 3,City Proper,Sampaguita,PORTION,ILOILO_CITY,EXACT_PSA,Sampaguita,0631000146,,PARTIAL_NO_SUBBARANGAY_GEOMETRY
MORE-ILO-DIVERSION-F03,Diversion Feeder 3,City Proper,San Agustin,PORTION,ILOILO_CITY,EXACT_PSA,San Agustin,0631000148,,PARTIAL_NO_SUBBARANGAY_GEOMETRY
MORE-ILO-DIVERSION-F03,Diversion Feeder 3,City Proper,Flores,WHOLE,ILOILO_CITY,EXACT_PSA,Flores,0631000057,,FULL_BARANGAY
MORE-ILO-DIVERSION-F03,Diversion Feeder 3,City Proper,Gloria,WHOLE,ILOILO_CITY,EXACT_PSA,Gloria,0631000062,,FULL_BARANGAY
MORE-ILO-DIVERSION-F03,Diversion Feeder 3,City Proper,Osmeña,WHOLE,ILOILO_CITY,EXACT_PSA,Osmeña,0631000123,,FULL_BARANGAY
MORE-ILO-DIVERSION-F03,Diversion Feeder 3,City Proper,Rima Rizal,WHOLE,ILOILO_CITY,EXPLICIT_ALIAS,Rima-Rizal,0631000136,,FULL_BARANGAY
MORE-ILO-DIVERSION-F03,Diversion Feeder 3,City Proper,Rizal Ibarra,WHOLE,ILOILO_CITY,EXACT_PSA,Rizal Ibarra,0631000138,,FULL_BARANGAY
MORE-ILO-DIVERSION-F03,Diversion Feeder 3,City Proper,Rizal Palapala I,WHOLE,ILOILO_CITY,EXACT_PSA,Rizal Palapala I,0631000125,,FULL_BARANGAY
MORE-ILO-DIVERSION-F03,Diversion Feeder 3,City Proper,Rizal Palapala II,WHOLE,ILOILO_CITY,EXACT_PSA,Rizal Palapala II,0631000126,,FULL_BARANGAY
MORE-ILO-DIVERSION-F03,Diversion Feeder 3,City Proper,San Jose,WHOLE,ILOILO_CITY,DISTRICT_DISAMBIGUATED,San Jose (City Proper),0631000200,,FULL_BARANGAY
MORE-ILO-DIVERSION-F04,Diversion Feeder 4,Mandurriao,Bolilao,PORTION,ILOILO_CITY,EXACT_PSA,Bolilao,0631000021,,PARTIAL_NO_SUBBARANGAY_GEOMETRY
MORE-ILO-DIVERSION-F04,Diversion Feeder 4,Mandurriao,San Rafael,PORTION,ILOILO_CITY,EXACT_PSA,San Rafael,0631000160,,PARTIAL_NO_SUBBARANGAY_GEOMETRY
MORE-ILO-DIVERSION-F04,Diversion Feeder 4,Mandurriao,Taft North,PORTION,ILOILO_CITY_EXPECTED,REVIEW_REQUIRED,,,Buhang Taft North,PARTIAL_NO_SUBBARANGAY_GEOMETRY
MORE-ILO-LAPAZ-F01,La Paz Feeder 1,Lapuz,Alalasan,PORTION,ILOILO_CITY,EXPLICIT_ALIAS,Alalasan Lapuz,0631000005,,PARTIAL_NO_SUBBARANGAY_GEOMETRY
MORE-ILO-LAPAZ-F01,La Paz Feeder 1,Lapuz,Don Esteban,PORTION,ILOILO_CITY,EXPLICIT_ALIAS,Don Esteban-Lapuz,0631000047,,PARTIAL_NO_SUBBARANGAY_GEOMETRY
MORE-ILO-LAPAZ-F01,La Paz Feeder 1,Lapuz,Lapuz Sur,PORTION,ILOILO_CITY,EXACT_PSA,Lapuz Sur,0631000088,,PARTIAL_NO_SUBBARANGAY_GEOMETRY
MORE-ILO-LAPAZ-F01,La Paz Feeder 1,Lapuz,Loboc,PORTION,ILOILO_CITY,EXPLICIT_ALIAS,Loboc-Lapuz,0631000094,,PARTIAL_NO_SUBBARANGAY_GEOMETRY
MORE-ILO-LAPAZ-F01,La Paz Feeder 1,Lapuz,Punong,PORTION,ILOILO_CITY,EXPLICIT_ALIAS,Punong-Lapuz,0631000133,,PARTIAL_NO_SUBBARANGAY_GEOMETRY
MORE-ILO-LAPAZ-F01,La Paz Feeder 1,Lapuz,Sinikway,PORTION,ILOILO_CITY,EXACT_PSA,Sinikway,0631000014,,PARTIAL_NO_SUBBARANGAY_GEOMETRY
MORE-ILO-LAPAZ-F01,La Paz Feeder 1,Lapuz,Bo. Obrero,WHOLE,ILOILO_CITY,EXPLICIT_ALIAS,Obrero-Lapuz,0631000121,,FULL_BARANGAY
MORE-ILO-LAPAZ-F01,La Paz Feeder 1,Lapuz,Jalandoni Estate,WHOLE,ILOILO_CITY,EXPLICIT_ALIAS,Jalandoni Estate-Lapuz,0631000073,,FULL_BARANGAY
MORE-ILO-LAPAZ-F01,La Paz Feeder 1,Lapuz,Lapuz Norte,WHOLE,ILOILO_CITY,EXACT_PSA,Lapuz Norte,0631000087,,FULL_BARANGAY
MORE-ILO-LAPAZ-F01,La Paz Feeder 1,Lapuz,Libertad,WHOLE,ILOILO_CITY,EXPLICIT_ALIAS,Libertad-Lapuz,0631000092,,FULL_BARANGAY
MORE-ILO-LAPAZ-F01,La Paz Feeder 1,Lapuz,Mansaya,WHOLE,ILOILO_CITY,EXPLICIT_ALIAS,Mansaya-Lapuz,0631000105,,FULL_BARANGAY
MORE-ILO-LAPAZ-F01,La Paz Feeder 1,Lapuz,Progreso,WHOLE,ILOILO_CITY,EXPLICIT_ALIAS,Progreso-Lapuz,0631000132,,FULL_BARANGAY
MORE-ILO-LAPAZ-F01,La Paz Feeder 1,La Paz,Baldoza,PORTION,ILOILO_CITY,EXACT_PSA,Baldoza,0631000012,,PARTIAL_NO_SUBBARANGAY_GEOMETRY
MORE-ILO-LAPAZ-F01,La Paz Feeder 1,La Paz,Ingore,PORTION,ILOILO_CITY,EXACT_PSA,Ingore,0631000072,,PARTIAL_NO_SUBBARANGAY_GEOMETRY
MORE-ILO-LAPAZ-F01,La Paz Feeder 1,City Proper,Danao,PORTION,ILOILO_CITY,EXACT_PSA,Danao,0631000042,,PARTIAL_NO_SUBBARANGAY_GEOMETRY
MORE-ILO-LAPAZ-F01,La Paz Feeder 1,City Proper,Ed Ganzon,PORTION,ILOILO_CITY,EXPLICIT_ALIAS,Edganzon,0631000054,,PARTIAL_NO_SUBBARANGAY_GEOMETRY
MORE-ILO-LAPAZ-F02,La Paz Feeder 2,La Paz,Baldoza,PORTION,ILOILO_CITY,EXACT_PSA,Baldoza,0631000012,,PARTIAL_NO_SUBBARANGAY_GEOMETRY
MORE-ILO-LAPAZ-F02,La Paz Feeder 2,La Paz,Banuyao,PORTION,ILOILO_CITY,EXACT_PSA,Banuyao,0631000016,,PARTIAL_NO_SUBBARANGAY_GEOMETRY
MORE-ILO-LAPAZ-F02,La Paz Feeder 2,La Paz,Hinactacan,PORTION,ILOILO_CITY,EXACT_PSA,Hinactacan,0631000068,,PARTIAL_NO_SUBBARANGAY_GEOMETRY
MORE-ILO-LAPAZ-F02,La Paz Feeder 2,La Paz,Ingore,PORTION,ILOILO_CITY,EXACT_PSA,Ingore,0631000072,,PARTIAL_NO_SUBBARANGAY_GEOMETRY
MORE-ILO-LAPAZ-F02,La Paz Feeder 2,La Paz,San Isidro,PORTION,ILOILO_CITY,DISTRICT_DISAMBIGUATED,San Isidro (La Paz),0631000199,,PARTIAL_NO_SUBBARANGAY_GEOMETRY
MORE-ILO-LAPAZ-F02,La Paz Feeder 2,La Paz,Ticud,PORTION,ILOILO_CITY,EXACT_PSA,Ticud,0631000183,,PARTIAL_NO_SUBBARANGAY_GEOMETRY
MORE-ILO-LAPAZ-F02,La Paz Feeder 2,Jaro,Balabago,PORTION,ILOILO_CITY,EXACT_PSA,Balabago,0631000010,,PARTIAL_NO_SUBBARANGAY_GEOMETRY
MORE-ILO-LAPAZ-F02,La Paz Feeder 2,Jaro,Balantang,PORTION,ILOILO_CITY,EXACT_PSA,Balantang,0631000011,,PARTIAL_NO_SUBBARANGAY_GEOMETRY
MORE-ILO-LAPAZ-F02,La Paz Feeder 2,Jaro,Bito-On,WHOLE,ILOILO_CITY,EXPLICIT_ALIAS,Bito-on,0631000019,,FULL_BARANGAY
MORE-ILO-LAPAZ-F02,La Paz Feeder 2,Jaro,Buntatala,WHOLE,ILOILO_CITY,EXACT_PSA,Buntatala,0631000026,,FULL_BARANGAY
MORE-ILO-LAPAZ-F02,La Paz Feeder 2,Jaro,Lanit,WHOLE,ILOILO_CITY,EXACT_PSA,Lanit,0631000086,,FULL_BARANGAY
MORE-ILO-LAPAZ-F02,La Paz Feeder 2,Jaro,Tagbac,WHOLE,ILOILO_CITY,EXACT_PSA,Tagbac,0631000179,,FULL_BARANGAY
MORE-ILO-LAPAZ-F03,La Paz Feeder 3,La Paz,Banuyao,PORTION,ILOILO_CITY,EXACT_PSA,Banuyao,0631000016,,PARTIAL_NO_SUBBARANGAY_GEOMETRY
MORE-ILO-LAPAZ-F03,La Paz Feeder 3,La Paz,Divinagracia,PORTION,ILOILO_CITY,EXACT_PSA,Divinagracia,0631000046,,PARTIAL_NO_SUBBARANGAY_GEOMETRY
MORE-ILO-LAPAZ-F03,La Paz Feeder 3,La Paz,Hinactacan,PORTION,ILOILO_CITY,EXACT_PSA,Hinactacan,0631000068,,PARTIAL_NO_SUBBARANGAY_GEOMETRY
MORE-ILO-LAPAZ-F03,La Paz Feeder 3,La Paz,Lopez Jaena Sur,PORTION,ILOILO_CITY,EXACT_PSA,Lopez Jaena Sur,0631000096,,PARTIAL_NO_SUBBARANGAY_GEOMETRY
MORE-ILO-LAPAZ-F03,La Paz Feeder 3,La Paz,Tabuc Suba,PORTION,ILOILO_CITY,DISTRICT_DISAMBIGUATED,Tabuc Suba (La Paz),0631000201,,PARTIAL_NO_SUBBARANGAY_GEOMETRY
MORE-ILO-LAPAZ-F03,La Paz Feeder 3,Lapuz,Alalasan,PORTION,ILOILO_CITY,EXPLICIT_ALIAS,Alalasan Lapuz,0631000005,,PARTIAL_NO_SUBBARANGAY_GEOMETRY
MORE-ILO-LAPAZ-F03,La Paz Feeder 3,Lapuz,Sinikway,PORTION,ILOILO_CITY,EXACT_PSA,Sinikway,0631000014,,PARTIAL_NO_SUBBARANGAY_GEOMETRY
MORE-ILO-LAPAZ-F03,La Paz Feeder 3,Lapuz,Don Esteban,PORTION,ILOILO_CITY,EXPLICIT_ALIAS,Don Esteban-Lapuz,0631000047,,PARTIAL_NO_SUBBARANGAY_GEOMETRY
MORE-ILO-LAPAZ-F03,La Paz Feeder 3,Jaro,Balabago,PORTION,ILOILO_CITY,EXACT_PSA,Balabago,0631000010,,PARTIAL_NO_SUBBARANGAY_GEOMETRY
MORE-ILO-LAPAZ-F03,La Paz Feeder 3,Jaro,Buhang,PORTION,ILOILO_CITY,EXACT_PSA,Buhang,0631000024,,PARTIAL_NO_SUBBARANGAY_GEOMETRY
MORE-ILO-LAPAZ-F03,La Paz Feeder 3,Jaro,Cubay,PORTION,ILOILO_CITY,EXACT_PSA,Cubay,0631000041,,PARTIAL_NO_SUBBARANGAY_GEOMETRY
MORE-ILO-LAPAZ-F03,La Paz Feeder 3,Jaro,MV Hechanova,PORTION,ILOILO_CITY,EXPLICIT_ALIAS,M. V. Hechanova,0631000098,,PARTIAL_NO_SUBBARANGAY_GEOMETRY
MORE-ILO-LAPAZ-F03,La Paz Feeder 3,Jaro,Quintin Salas,PORTION,ILOILO_CITY,EXACT_PSA,Quintin Salas,0631000135,,PARTIAL_NO_SUBBARANGAY_GEOMETRY
MORE-ILO-LAPAZ-F03,La Paz Feeder 3,Jaro,Tabuc Suba,PORTION,ILOILO_CITY,DISTRICT_DISAMBIGUATED,Tabuc Suba (Jaro),0631000175,,PARTIAL_NO_SUBBARANGAY_GEOMETRY
MORE-ILO-LAPAZ-F04,La Paz Feeder 4,City Proper,Ed Ganzon,PORTION,ILOILO_CITY,EXPLICIT_ALIAS,Edganzon,0631000054,,PARTIAL_NO_SUBBARANGAY_GEOMETRY
MORE-ILO-LAPAZ-F04,La Paz Feeder 4,City Proper,Maria Clara,PORTION,ILOILO_CITY,EXACT_PSA,Maria Clara,0631000107,,PARTIAL_NO_SUBBARANGAY_GEOMETRY
MORE-ILO-LAPAZ-F04,La Paz Feeder 4,City Proper,Nonoy,PORTION,ILOILO_CITY,EXACT_PSA,Nonoy,0631000116,,PARTIAL_NO_SUBBARANGAY_GEOMETRY
MORE-ILO-LAPAZ-F04,La Paz Feeder 4,City Proper,President Roxas,PORTION,ILOILO_CITY,EXACT_PSA,President Roxas,0631000131,,PARTIAL_NO_SUBBARANGAY_GEOMETRY
MORE-ILO-LAPAZ-F04,La Paz Feeder 4,City Proper,Yulo Arroyo,PORTION,ILOILO_CITY,EXPLICIT_ALIAS,Yulo-Arroyo,0631000193,,PARTIAL_NO_SUBBARANGAY_GEOMETRY
MORE-ILO-LAPAZ-F04,La Paz Feeder 4,City Proper,Arsenal-Aduana,WHOLE,ILOILO_CITY,EXPLICIT_ALIAS,Arsenal Aduana,0631000007,,FULL_BARANGAY
MORE-ILO-LAPAZ-F04,La Paz Feeder 4,City Proper,Concepcion-Montes,WHOLE,ILOILO_CITY,EXACT_PSA,Concepcion-Montes,0631000038,,FULL_BARANGAY
MORE-ILO-LAPAZ-F04,La Paz Feeder 4,City Proper,General Hughes-Montes,WHOLE,ILOILO_CITY,EXACT_PSA,General Hughes-Montes,0631000061,,FULL_BARANGAY
MORE-ILO-LAPAZ-F04,La Paz Feeder 4,City Proper,Legaspi Delarama,WHOLE,ILOILO_CITY,EXPLICIT_ALIAS,Legaspi dela Rama,0631000089,,FULL_BARANGAY
MORE-ILO-LAPAZ-F04,La Paz Feeder 4,City Proper,Monica Blumentritt,WHOLE,ILOILO_CITY,EXACT_PSA,Monica Blumentritt,0631000020,,FULL_BARANGAY
MORE-ILO-LAPAZ-F04,La Paz Feeder 4,City Proper,Muelle-Loney Montes,WHOLE,ILOILO_CITY,EXPLICIT_ALIAS,Muelle Loney-Montes,0631000113,,FULL_BARANGAY
MORE-ILO-LAPAZ-F04,La Paz Feeder 4,City Proper,Ortiz,WHOLE,ILOILO_CITY,EXACT_PSA,Ortiz,0631000122,,FULL_BARANGAY
MORE-ILO-LAPAZ-F04,La Paz Feeder 4,City Proper,Santo Rosario Duran,WHOLE,ILOILO_CITY,EXPLICIT_ALIAS,Santo Rosario-Duran,0631000169,,FULL_BARANGAY
MORE-ILO-LAPAZ-F04,La Paz Feeder 4,City Proper,Veterans Village,WHOLE,ILOILO_CITY,EXACT_PSA,Veterans Village,0631000188,,FULL_BARANGAY
MORE-ILO-LAPAZ-F04,La Paz Feeder 4,City Proper,Zamora-Melliza,WHOLE,ILOILO_CITY,EXACT_PSA,Zamora-Melliza,0631000195,,FULL_BARANGAY
MORE-ILO-LAPAZ-F05,La Paz Feeder 5,La Paz,Baldoza,PORTION,ILOILO_CITY,EXACT_PSA,Baldoza,0631000012,,PARTIAL_NO_SUBBARANGAY_GEOMETRY
MORE-ILO-LAPAZ-F05,La Paz Feeder 5,La Paz,Burgos-Mabini-Plaza,PORTION,ILOILO_CITY,EXACT_PSA,Burgos-Mabini-Plaza,0631000099,,PARTIAL_NO_SUBBARANGAY_GEOMETRY
MORE-ILO-LAPAZ-F05,La Paz Feeder 5,La Paz,Divinagracia,PORTION,ILOILO_CITY,EXACT_PSA,Divinagracia,0631000046,,PARTIAL_NO_SUBBARANGAY_GEOMETRY
MORE-ILO-LAPAZ-F05,La Paz Feeder 5,La Paz,Laguda,PORTION,ILOILO_CITY,EXACT_PSA,Laguda,0631000085,,PARTIAL_NO_SUBBARANGAY_GEOMETRY
MORE-ILO-LAPAZ-F05,La Paz Feeder 5,La Paz,Railway,PORTION,ILOILO_CITY,EXACT_PSA,Railway,0631000139,,PARTIAL_NO_SUBBARANGAY_GEOMETRY
MORE-ILO-LAPAZ-F05,La Paz Feeder 5,La Paz,Aguinaldo,WHOLE,ILOILO_CITY,EXACT_PSA,Aguinaldo,0631000003,,FULL_BARANGAY
MORE-ILO-LAPAZ-F05,La Paz Feeder 5,La Paz,MacArthur,WHOLE,ILOILO_CITY,EXPLICIT_ALIAS,Macarthur,0631000100,,FULL_BARANGAY
MORE-ILO-LAPAZ-F05,La Paz Feeder 5,La Paz,Rizal,WHOLE,ILOILO_CITY,EXACT_PSA,Rizal,0631000202,,FULL_BARANGAY
MORE-ILO-LAPAZ-F05,La Paz Feeder 5,Lapuz,Alalasan,PORTION,ILOILO_CITY,EXPLICIT_ALIAS,Alalasan Lapuz,0631000005,,PARTIAL_NO_SUBBARANGAY_GEOMETRY
MORE-ILO-LAPAZ-F05,La Paz Feeder 5,Lapuz,Lapuz Sur,PORTION,ILOILO_CITY,EXACT_PSA,Lapuz Sur,0631000088,,PARTIAL_NO_SUBBARANGAY_GEOMETRY
MORE-ILO-LAPAZ-F05,La Paz Feeder 5,Lapuz,Loboc,PORTION,ILOILO_CITY,EXPLICIT_ALIAS,Loboc-Lapuz,0631000094,,PARTIAL_NO_SUBBARANGAY_GEOMETRY
MORE-ILO-LAPAZ-F05,La Paz Feeder 5,Lapuz,Punong,PORTION,ILOILO_CITY,EXPLICIT_ALIAS,Punong-Lapuz,0631000133,,PARTIAL_NO_SUBBARANGAY_GEOMETRY
MORE-ILO-LAPAZ-F05,La Paz Feeder 5,City Proper,Arsenal Aduana,PORTION,ILOILO_CITY,EXACT_PSA,Arsenal Aduana,0631000007,,PARTIAL_NO_SUBBARANGAY_GEOMETRY
MORE-ILO-LAPAZ-F05,La Paz Feeder 5,City Proper,Danao,PORTION,ILOILO_CITY,EXACT_PSA,Danao,0631000042,,PARTIAL_NO_SUBBARANGAY_GEOMETRY
MORE-ILO-LAPAZ-F05,La Paz Feeder 5,City Proper,Ed Ganzon,PORTION,ILOILO_CITY,EXPLICIT_ALIAS,Edganzon,0631000054,,PARTIAL_NO_SUBBARANGAY_GEOMETRY
MORE-ILO-LAPAZ-F05,La Paz Feeder 5,City Proper,President Roxas,PORTION,ILOILO_CITY,EXACT_PSA,President Roxas,0631000131,,PARTIAL_NO_SUBBARANGAY_GEOMETRY
MORE-ILO-LAPAZ-F05,La Paz Feeder 5,City Proper,Sampaguita,PORTION,ILOILO_CITY,EXACT_PSA,Sampaguita,0631000146,,PARTIAL_NO_SUBBARANGAY_GEOMETRY
MORE-ILO-LAPAZ-F05,La Paz Feeder 5,City Proper,Yulo Arroyo,PORTION,ILOILO_CITY,EXPLICIT_ALIAS,Yulo-Arroyo,0631000193,,PARTIAL_NO_SUBBARANGAY_GEOMETRY
MORE-ILO-LAPAZ-F07,La Paz Feeder 7,La Paz,Baldoza,PORTION,ILOILO_CITY,EXACT_PSA,Baldoza,0631000012,,PARTIAL_NO_SUBBARANGAY_GEOMETRY
MORE-ILO-LAPAZ-F07,La Paz Feeder 7,La Paz,Banuyao,PORTION,ILOILO_CITY,EXACT_PSA,Banuyao,0631000016,,PARTIAL_NO_SUBBARANGAY_GEOMETRY
MORE-ILO-LAPAZ-F07,La Paz Feeder 7,La Paz,Burgos-Mabini,PORTION,ILOILO_CITY,EXPLICIT_ALIAS,Burgos-Mabini-Plaza,0631000099,,PARTIAL_NO_SUBBARANGAY_GEOMETRY
MORE-ILO-LAPAZ-F07,La Paz Feeder 7,La Paz,Jereos,PORTION,ILOILO_CITY,EXACT_PSA,Jereos,0631000077,,PARTIAL_NO_SUBBARANGAY_GEOMETRY
MORE-ILO-LAPAZ-F07,La Paz Feeder 7,La Paz,Lopez Jaena Sur,PORTION,ILOILO_CITY,EXACT_PSA,Lopez Jaena Sur,0631000096,,PARTIAL_NO_SUBBARANGAY_GEOMETRY
MORE-ILO-LAPAZ-F07,La Paz Feeder 7,La Paz,San Isidro,PORTION,ILOILO_CITY,DISTRICT_DISAMBIGUATED,San Isidro (La Paz),0631000199,,PARTIAL_NO_SUBBARANGAY_GEOMETRY
MORE-ILO-LAPAZ-F07,La Paz Feeder 7,La Paz,Tabuc Suba,PORTION,ILOILO_CITY,DISTRICT_DISAMBIGUATED,Tabuc Suba (La Paz),0631000201,,PARTIAL_NO_SUBBARANGAY_GEOMETRY
MORE-ILO-LAPAZ-F07,La Paz Feeder 7,La Paz,Ticud,PORTION,ILOILO_CITY,EXACT_PSA,Ticud,0631000183,,PARTIAL_NO_SUBBARANGAY_GEOMETRY
MORE-ILO-LAPAZ-F07,La Paz Feeder 7,La Paz,Caingin,WHOLE,ILOILO_CITY,EXACT_PSA,Caingin,0631000029,,FULL_BARANGAY
MORE-ILO-LAPAZ-F07,La Paz Feeder 7,La Paz,Gustillo,WHOLE,ILOILO_CITY,EXPLICIT_ALIAS,Gustilo,0631000063,,FULL_BARANGAY
MORE-ILO-LAPAZ-F07,La Paz Feeder 7,La Paz,Lopez Jaena Norte,WHOLE,ILOILO_CITY,EXACT_PSA,Lopez Jaena Norte,0631000095,,FULL_BARANGAY
MORE-ILO-LAPAZ-F07,La Paz Feeder 7,Jaro,Benedicto,PORTION,ILOILO_CITY,EXACT_PSA,Benedicto,0631000018,,PARTIAL_NO_SUBBARANGAY_GEOMETRY
MORE-ILO-LAPAZ-F07,La Paz Feeder 7,Jaro,Democracia,PORTION,ILOILO_CITY,EXACT_PSA,Democracia,0631000044,,PARTIAL_NO_SUBBARANGAY_GEOMETRY
MORE-ILO-LAPAZ-F07,La Paz Feeder 7,Jaro,MH Del Pilar,PORTION,ILOILO_CITY,EXPLICIT_ALIAS,Marcelo H. del Pilar,0631000106,,PARTIAL_NO_SUBBARANGAY_GEOMETRY
MORE-ILO-LAPAZ-F07,La Paz Feeder 7,Jaro,San Pedro,PORTION,ILOILO_CITY,DISTRICT_DISAMBIGUATED,San Pedro (Jaro),0631000159,,PARTIAL_NO_SUBBARANGAY_GEOMETRY
MORE-ILO-MEGAWORLD-F01,Megaworld Feeder 1,Mandurriao,Calajunan,PORTION,ILOILO_CITY,EXPLICIT_ALIAS,Calahunan,0631000030,,PARTIAL_NO_SUBBARANGAY_GEOMETRY
MORE-ILO-MEGAWORLD-F01,Megaworld Feeder 1,Mandurriao,Dungon C,PORTION,ILOILO_CITY_EXPECTED,UNRESOLVED,,,,PARTIAL_NO_SUBBARANGAY_GEOMETRY
MORE-ILO-MEGAWORLD-F01,Megaworld Feeder 1,Mandurriao,Guzman-Jesena,PORTION,ILOILO_CITY,EXACT_PSA,Guzman-Jesena,0631000064,,PARTIAL_NO_SUBBARANGAY_GEOMETRY
MORE-ILO-MEGAWORLD-F01,Megaworld Feeder 1,Mandurriao,Hibao-an Sur,PORTION,ILOILO_CITY,EXACT_PSA,Hibao-an Sur,0631000067,,PARTIAL_NO_SUBBARANGAY_GEOMETRY
MORE-ILO-MEGAWORLD-F01,Megaworld Feeder 1,Mandurriao,Hibao-an Norte,PORTION,ILOILO_CITY,EXACT_PSA,Hibao-an Norte,0631000152,,PARTIAL_NO_SUBBARANGAY_GEOMETRY
MORE-ILO-MEGAWORLD-F01,Megaworld Feeder 1,Mandurriao,Onate De Leon,PORTION,ILOILO_CITY,EXPLICIT_ALIAS,Oñate de Leon,0631000120,,PARTIAL_NO_SUBBARANGAY_GEOMETRY
MORE-ILO-MEGAWORLD-F01,Megaworld Feeder 1,Mandurriao,Santa Rosa,PORTION,ILOILO_CITY,EXACT_PSA,Santa Rosa,0631000165,,PARTIAL_NO_SUBBARANGAY_GEOMETRY
MORE-ILO-MEGAWORLD-F01,Megaworld Feeder 1,Mandurriao,Pale Benedicto,PORTION,ILOILO_CITY,EXPLICIT_ALIAS,Pale Benedicto Rizal,0631000196,,PARTIAL_NO_SUBBARANGAY_GEOMETRY
MORE-ILO-MEGAWORLD-F01,Megaworld Feeder 1,Mandurriao,PHHC Block 22 NHA,PORTION,ILOILO_CITY,EXACT_PSA,PHHC Block 22 NHA,0631000128,,PARTIAL_NO_SUBBARANGAY_GEOMETRY
MORE-ILO-MEGAWORLD-F01,Megaworld Feeder 1,Pavia,Jibao-an,PORTION,OUTSIDE_ILOILO_CITY,OUTSIDE_CITY,,,,PARTIAL_NO_SUBBARANGAY_GEOMETRY
MORE-ILO-MEGAWORLD-F02,Megaworld Feeder 2,Mandurriao,Abeto Mirasol Taft South,PORTION,ILOILO_CITY,EXACT_PSA,Abeto Mirasol Taft South,0631000178,,PARTIAL_NO_SUBBARANGAY_GEOMETRY
MORE-ILO-MEGAWORLD-F02,Megaworld Feeder 2,Mandurriao,Airport Mandurriao,PORTION,ILOILO_CITY,EXPLICIT_ALIAS,Airport,0631000004,,PARTIAL_NO_SUBBARANGAY_GEOMETRY
MORE-ILO-MEGAWORLD-F03,Megaworld Feeder 3,Mandurriao,Abeto Mirasol Taft-South,PORTION,ILOILO_CITY,EXPLICIT_ALIAS,Abeto Mirasol Taft South,0631000178,,PARTIAL_NO_SUBBARANGAY_GEOMETRY
MORE-ILO-MEGAWORLD-F03,Megaworld Feeder 3,Mandurriao,Airport Mandurriao,PORTION,ILOILO_CITY,EXPLICIT_ALIAS,Airport,0631000004,,PARTIAL_NO_SUBBARANGAY_GEOMETRY
MORE-ILO-MEGAWORLD-F03,Megaworld Feeder 3,Mandurriao,Calajunan,PORTION,ILOILO_CITY,EXPLICIT_ALIAS,Calahunan,0631000030,,PARTIAL_NO_SUBBARANGAY_GEOMETRY
MORE-ILO-MEGAWORLD-F03,Megaworld Feeder 3,Mandurriao,Guzman-Jesena,PORTION,ILOILO_CITY,EXACT_PSA,Guzman-Jesena,0631000064,,PARTIAL_NO_SUBBARANGAY_GEOMETRY
MORE-ILO-MEGAWORLD-F03,Megaworld Feeder 3,Mandurriao,Navais,PORTION,ILOILO_CITY,EXACT_PSA,Navais,0631000115,,PARTIAL_NO_SUBBARANGAY_GEOMETRY
MORE-ILO-MEGAWORLD-F03,Megaworld Feeder 3,Mandurriao,Onate De Leon,PORTION,ILOILO_CITY,EXPLICIT_ALIAS,Oñate de Leon,0631000120,,PARTIAL_NO_SUBBARANGAY_GEOMETRY
MORE-ILO-MEGAWORLD-F03,Megaworld Feeder 3,Mandurriao,Tabucan,PORTION,ILOILO_CITY,EXACT_PSA,Tabucan,0631000176,,PARTIAL_NO_SUBBARANGAY_GEOMETRY
MORE-ILO-MEGAWORLD-F04,Megaworld Feeder 4,Jaro,Buhang,PORTION,ILOILO_CITY,EXACT_PSA,Buhang,0631000024,,PARTIAL_NO_SUBBARANGAY_GEOMETRY
MORE-ILO-MEGAWORLD-F04,Megaworld Feeder 4,Jaro,Dungon B,PORTION,ILOILO_CITY,EXACT_PSA,Dungon B,0631000051,,PARTIAL_NO_SUBBARANGAY_GEOMETRY
MORE-ILO-MEGAWORLD-F04,Megaworld Feeder 4,Jaro,MV Hechanova,PORTION,ILOILO_CITY,EXPLICIT_ALIAS,M. V. Hechanova,0631000098,,PARTIAL_NO_SUBBARANGAY_GEOMETRY
MORE-ILO-MEGAWORLD-F04,Megaworld Feeder 4,Jaro,Quintin Salas,PORTION,ILOILO_CITY,EXACT_PSA,Quintin Salas,0631000135,,PARTIAL_NO_SUBBARANGAY_GEOMETRY
MORE-ILO-MEGAWORLD-F04,Megaworld Feeder 4,Jaro,Sambag,PORTION,ILOILO_CITY,EXACT_PSA,Sambag,0631000144,,PARTIAL_NO_SUBBARANGAY_GEOMETRY
MORE-ILO-MEGAWORLD-F04,Megaworld Feeder 4,Jaro,Tabuc Suba,PORTION,ILOILO_CITY,DISTRICT_DISAMBIGUATED,Tabuc Suba (Jaro),0631000175,,PARTIAL_NO_SUBBARANGAY_GEOMETRY
MORE-ILO-MEGAWORLD-F04,Megaworld Feeder 4,Jaro,Tacas,WHOLE,ILOILO_CITY,EXACT_PSA,Tacas,0631000177,,FULL_BARANGAY
MORE-ILO-MEGAWORLD-F04,Megaworld Feeder 4,Jaro,Ungka,WHOLE,ILOILO_CITY,EXACT_PSA,Ungka,0631000187,,FULL_BARANGAY
MORE-ILO-MEGAWORLD-F04,Megaworld Feeder 4,Pavia,Mali-ao,PORTION,OUTSIDE_ILOILO_CITY,OUTSIDE_CITY,,,,PARTIAL_NO_SUBBARANGAY_GEOMETRY
MORE-ILO-MEGAWORLD-F04,Megaworld Feeder 4,Pavia,Ungka I,PORTION,OUTSIDE_ILOILO_CITY,OUTSIDE_CITY,,,,PARTIAL_NO_SUBBARANGAY_GEOMETRY
MORE-ILO-MEGAWORLD-F04,Megaworld Feeder 4,Pavia,Ungka II,PORTION,OUTSIDE_ILOILO_CITY,OUTSIDE_CITY,,,,PARTIAL_NO_SUBBARANGAY_GEOMETRY
MORE-ILO-MEGAWORLD-F06,Megaworld Feeder 6,Mandurriao,Buhang Taft North,PORTION,ILOILO_CITY,EXACT_PSA,Buhang Taft North,0631000025,,PARTIAL_NO_SUBBARANGAY_GEOMETRY
MORE-ILO-MEGAWORLD-F06,Megaworld Feeder 6,Mandurriao,San Rafael,PORTION,ILOILO_CITY,EXACT_PSA,San Rafael,0631000160,,PARTIAL_NO_SUBBARANGAY_GEOMETRY
